{"cameraMode":{"drawMode":0,"name":"Shaded","section":"Shading Mode"},"sceneLighting":true,"audioPlay":false,"sceneViewState":{"m_AlwaysRefresh":false,"showFog":true,"showSkybox":true,"showFlares":true,"showImageEffects":true,"showParticleSystems":true,"showVisualEffectGraphs":true,"m_FxEnabled":true},"in2DMode":false,"pivot":{"x":56.36838912963867,"y":4.195845603942871,"z":-27.57662582397461},"rotation":{"x":0.0014349919511005283,"y":0.9942430257797241,"z":-0.10628902167081833,"w":0.013423116877675057},"size":3.6347885131835939,"orthographic":true}