{"cameraMode":{"drawMode":0,"name":"Shaded","section":"Shading Mode"},"sceneLighting":true,"audioPlay":false,"sceneViewState":{"m_AlwaysRefresh":false,"showFog":true,"showSkybox":true,"showFlares":true,"showImageEffects":true,"showParticleSystems":true,"showVisualEffectGraphs":true,"m_FxEnabled":true},"in2DMode":false,"pivot":{"x":25.786272048950197,"y":11.395559310913086,"z":-34.1976432800293},"rotation":{"x":0.18926529586315156,"y":-0.02945292927324772,"z":0.0056796870194375519,"w":0.9814702272415161},"size":31.059688568115236,"orthographic":true}