{"cameraMode":{"drawMode":0,"name":"Shaded","section":"Shading Mode"},"sceneLighting":false,"audioPlay":false,"sceneViewState":{"m_AlwaysRefresh":false,"showFog":true,"showSkybox":false,"showFlares":true,"showImageEffects":true,"showParticleSystems":true,"showVisualEffectGraphs":true,"m_FxEnabled":true},"in2DMode":false,"pivot":{"x":5.172488212585449,"y":0.6462893486022949,"z":-0.11572647094726563},"rotation":{"x":0.0014580803690478206,"y":0.9460328817367554,"z":-0.3240398168563843,"w":0.0042568896897137169},"size":4.445247650146484,"orthographic":false}