{"cameraMode":{"drawMode":0,"name":"Shaded","section":"Shading Mode"},"sceneLighting":false,"audioPlay":false,"sceneViewState":{"m_AlwaysRefresh":false,"showFog":true,"showSkybox":false,"showFlares":true,"showImageEffects":true,"showParticleSystems":true,"showVisualEffectGraphs":true,"m_FxEnabled":true},"in2DMode":false,"pivot":{"x":-1.0393667221069337,"y":2.9001903533935549,"z":-2.262364149093628},"rotation":{"x":0.04503728076815605,"y":-0.5828987956047058,"z":0.032384149730205539,"w":0.8106495141983032},"size":2.129392385482788,"orthographic":false}