{"cameraMode":{"drawMode":0,"name":"Shaded","section":"Shading Mode"},"sceneLighting":false,"audioPlay":false,"sceneViewState":{"m_AlwaysRefresh":false,"showFog":true,"showSkybox":false,"showFlares":true,"showImageEffects":true,"showParticleSystems":true,"showVisualEffectGraphs":true,"m_FxEnabled":true},"in2DMode":false,"pivot":{"x":10.430000305175782,"y":2.640000104904175,"z":-21.56999969482422},"rotation":{"x":0.0014349919511005283,"y":0.9942430257797241,"z":-0.10628902167081833,"w":0.013423116877675057},"size":1.0286662578582764,"orthographic":true}